id,comment_text,photo_id,user_id,created_at
1,"unde at dolorem",1,2,"2023-09-09 12:10:55"
2,"quae ea ducimus",1,3,"2023-09-09 12:10:55"
3,"alias a voluptatum",1,5,"2023-09-09 12:10:55"
4,"facere suscipit sunt",1,14,"2023-09-09 12:10:55"
5,"totam eligendi quaerat",1,17,"2023-09-09 12:10:55"
6,"vitae quia aliquam",1,21,"2023-09-09 12:10:55"
7,"exercitationem occaecati neque",1,24,"2023-09-09 12:10:55"
8,"sint ad fugiat",1,31,"2023-09-09 12:10:55"
9,"nesciunt aut nesciunt",1,36,"2023-09-09 12:10:55"
10,"laudantium ut nostrum",1,41,"2023-09-09 12:10:55"
11,"omnis aut asperiores",1,52,"2023-09-09 12:10:55"
12,"et eum molestias",1,54,"2023-09-09 12:10:55"
13,"alias pariatur neque",1,55,"2023-09-09 12:10:55"
14,"amet iure adipisci",1,57,"2023-09-09 12:10:55"
15,"cum enim repellat",1,62,"2023-09-09 12:10:55"
16,"provident dolorem non",1,63,"2023-09-09 12:10:55"
17,"eos consequuntur impedit",1,66,"2023-09-09 12:10:55"
18,"voluptas nemo blanditiis",1,71,"2023-09-09 12:10:55"
19,"id fugit dolores",1,72,"2023-09-09 12:10:55"
20,"occaecati tenetur exercitationem",1,75,"2023-09-09 12:10:55"
21,"quasi deserunt voluptates",1,76,"2023-09-09 12:10:55"
22,"reprehenderit sunt cumque",1,78,"2023-09-09 12:10:55"
23,"non impedit ut",1,87,"2023-09-09 12:10:55"
24,"voluptatum sit id",1,91,"2023-09-09 12:10:55"
25,"tenetur voluptas aspernatur",1,98,"2023-09-09 12:10:55"
26,"in veritatis quia",2,3,"2023-09-09 12:10:55"
27,"quis facilis ea",2,5,"2023-09-09 12:10:55"
28,"quia est sit",2,14,"2023-09-09 12:10:55"
29,"voluptatem doloremque accusamus",2,15,"2023-09-09 12:10:55"
30,"consectetur inventore quis",2,18,"2023-09-09 12:10:55"
31,"sunt dolorem reprehenderit",2,19,"2023-09-09 12:10:55"
32,"omnis omnis nulla",2,21,"2023-09-09 12:10:55"
33,"ullam in facilis",2,24,"2023-09-09 12:10:55"
34,"possimus consequuntur occaecati",2,28,"2023-09-09 12:10:55"
35,"voluptas dicta aut",2,30,"2023-09-09 12:10:55"
36,"explicabo qui ipsum",2,31,"2023-09-09 12:10:55"
37,"qui pariatur dolor",2,35,"2023-09-09 12:10:55"
38,"ratione debitis laborum",2,36,"2023-09-09 12:10:55"
39,"voluptate id dignissimos",2,41,"2023-09-09 12:10:55"
40,"tempore quod possimus",2,42,"2023-09-09 12:10:55"
41,"corporis ut necessitatibus",2,43,"2023-09-09 12:10:55"
42,"culpa aut aut",2,47,"2023-09-09 12:10:55"
43,"rem quia et",2,48,"2023-09-09 12:10:55"
44,"eaque dolor velit",2,54,"2023-09-09 12:10:55"
45,"non odit rerum",2,57,"2023-09-09 12:10:55"
46,"accusamus nobis quod",2,60,"2023-09-09 12:10:55"
47,"beatae dicta recusandae",2,65,"2023-09-09 12:10:55"
48,"culpa a ut",2,66,"2023-09-09 12:10:55"
49,"quis aliquam velit",2,71,"2023-09-09 12:10:55"
50,"aspernatur occaecati tempore",2,75,"2023-09-09 12:10:55"
51,"vel eos et",2,76,"2023-09-09 12:10:55"
52,"quam fugiat tempore",2,82,"2023-09-09 12:10:55"
53,"dolor alias aut",2,85,"2023-09-09 12:10:55"
54,"ut in eaque",2,87,"2023-09-09 12:10:55"
55,"totam nostrum dicta",2,91,"2023-09-09 12:10:55"
56,"in saepe sit",2,95,"2023-09-09 12:10:55"
57,"necessitatibus ipsam et",3,5,"2023-09-09 12:10:55"
58,"non reiciendis nam",3,14,"2023-09-09 12:10:55"
59,"modi magnam quia",3,15,"2023-09-09 12:10:55"
60,"architecto tempora natus",3,21,"2023-09-09 12:10:55"
61,"molestiae iure ullam",3,24,"2023-09-09 12:10:55"
62,"adipisci aut dicta",3,27,"2023-09-09 12:10:55"
63,"quia dolores voluptatem",3,35,"2023-09-09 12:10:55"
64,"incidunt suscipit et",3,36,"2023-09-09 12:10:55"
65,"rerum vel ut",3,37,"2023-09-09 12:10:55"
66,"aperiam delectus odio",3,38,"2023-09-09 12:10:55"
67,"dicta inventore ea",3,41,"2023-09-09 12:10:55"
68,"quos est quia",3,43,"2023-09-09 12:10:55"
69,"minima est odio",3,44,"2023-09-09 12:10:55"
70,"libero odit aut",3,50,"2023-09-09 12:10:55"
71,"quia et quod",3,54,"2023-09-09 12:10:55"
72,"nobis pariatur qui",3,57,"2023-09-09 12:10:55"
73,"nostrum fugiat et",3,62,"2023-09-09 12:10:55"
74,"iusto et eius",3,63,"2023-09-09 12:10:55"
75,"et placeat ipsam",3,66,"2023-09-09 12:10:55"
76,"placeat repudiandae sit",3,67,"2023-09-09 12:10:55"
77,"natus sit harum",3,70,"2023-09-09 12:10:55"
78,"consectetur qui at",3,71,"2023-09-09 12:10:55"
79,"reiciendis reiciendis ad",3,75,"2023-09-09 12:10:55"
80,"dolores accusantium sint",3,76,"2023-09-09 12:10:55"
81,"cum adipisci alias",3,79,"2023-09-09 12:10:55"
82,"facere dicta est",3,91,"2023-09-09 12:10:55"
83,"temporibus qui error",3,97,"2023-09-09 12:10:55"
84,"aut rem officia",4,5,"2023-09-09 12:10:55"
85,"rerum ea harum",4,6,"2023-09-09 12:10:55"
86,"laboriosam eos a",4,8,"2023-09-09 12:10:55"
87,"laboriosam aut occaecati",4,11,"2023-09-09 12:10:55"
88,"alias sapiente dolore",4,14,"2023-09-09 12:10:55"
89,"aut voluptatem distinctio",4,15,"2023-09-09 12:10:55"
90,"error voluptatum eius",4,18,"2023-09-09 12:10:55"
91,"magni magni aspernatur",4,20,"2023-09-09 12:10:55"
92,"laboriosam quidem numquam",4,21,"2023-09-09 12:10:55"
93,"ut possimus distinctio",4,22,"2023-09-09 12:10:55"
94,"molestiae veritatis aut",4,24,"2023-09-09 12:10:55"
95,"vitae iusto labore",4,26,"2023-09-09 12:10:55"
96,"id assumenda excepturi",4,33,"2023-09-09 12:10:55"
97,"animi ea distinctio",4,36,"2023-09-09 12:10:55"
98,"eaque sint veritatis",4,41,"2023-09-09 12:10:55"
99,"expedita exercitationem officiis",4,42,"2023-09-09 12:10:55"
100,"cupiditate qui facere",4,47,"2023-09-09 12:10:55"
101,"est ut quisquam",4,50,"2023-09-09 12:10:55"
102,"provident et vel",4,54,"2023-09-09 12:10:55"
103,"similique autem quia",4,57,"2023-09-09 12:10:55"
104,"dolorum exercitationem tempora",4,66,"2023-09-09 12:10:55"
105,"incidunt aut perspiciatis",4,67,"2023-09-09 12:10:55"
106,"occaecati assumenda voluptas",4,71,"2023-09-09 12:10:55"
107,"vel ipsam ut",4,75,"2023-09-09 12:10:55"
108,"ea autem assumenda",4,76,"2023-09-09 12:10:55"
109,"quia facilis non",4,79,"2023-09-09 12:10:55"
110,"perspiciatis et sit",4,85,"2023-09-09 12:10:55"
111,"voluptatem possimus ea",4,91,"2023-09-09 12:10:55"
112,"molestiae perferendis quaerat",4,95,"2023-09-09 12:10:55"
113,"error consectetur dolor",4,97,"2023-09-09 12:10:55"
114,"molestiae quia pariatur",4,98,"2023-09-09 12:10:55"
115,"quia omnis ab",4,100,"2023-09-09 12:10:55"
116,"doloremque sit totam",5,5,"2023-09-09 12:10:55"
117,"aliquid at eum",5,14,"2023-09-09 12:10:55"
118,"at est ipsam",5,17,"2023-09-09 12:10:55"
119,"optio quidem dolor",5,21,"2023-09-09 12:10:55"
120,"dolores voluptates sit",5,22,"2023-09-09 12:10:55"
121,"molestiae hic est",5,24,"2023-09-09 12:10:55"
122,"possimus quia adipisci",5,26,"2023-09-09 12:10:55"
123,"nostrum modi minima",5,28,"2023-09-09 12:10:55"
124,"aperiam sint aut",5,36,"2023-09-09 12:10:55"
125,"iusto tempora at",5,41,"2023-09-09 12:10:55"
126,"quae et ratione",5,42,"2023-09-09 12:10:55"
127,"consequatur magnam ut",5,44,"2023-09-09 12:10:55"
128,"perspiciatis dolorum ad",5,48,"2023-09-09 12:10:55"
129,"ipsa excepturi neque",5,54,"2023-09-09 12:10:55"
130,"explicabo nulla sed",5,57,"2023-09-09 12:10:55"
131,"nihil voluptas eligendi",5,60,"2023-09-09 12:10:55"
132,"porro doloribus corporis",5,66,"2023-09-09 12:10:55"
133,"libero ut eveniet",5,71,"2023-09-09 12:10:55"
134,"enim ut et",5,72,"2023-09-09 12:10:55"
135,"non cumque aliquam",5,75,"2023-09-09 12:10:55"
136,"rerum amet assumenda",5,76,"2023-09-09 12:10:55"
137,"omnis nihil eligendi",5,79,"2023-09-09 12:10:55"
138,"officiis nulla beatae",5,84,"2023-09-09 12:10:55"
139,"vitae qui voluptates",5,91,"2023-09-09 12:10:55"
140,"ut non ipsam",5,94,"2023-09-09 12:10:55"
141,"nostrum nam et",5,95,"2023-09-09 12:10:55"
142,"rerum repellendus voluptas",5,97,"2023-09-09 12:10:55"
143,"modi ut unde",6,5,"2023-09-09 12:10:55"
144,"illum rem dignissimos",6,6,"2023-09-09 12:10:55"
145,"vero quis aliquam",6,11,"2023-09-09 12:10:55"
146,"ipsam numquam iure",6,14,"2023-09-09 12:10:55"
147,"atque porro cum",6,19,"2023-09-09 12:10:55"
148,"delectus delectus qui",6,21,"2023-09-09 12:10:55"
149,"quisquam itaque quisquam",6,24,"2023-09-09 12:10:55"
150,"voluptatem error repellendus",6,26,"2023-09-09 12:10:55"
151,"provident facilis esse",6,36,"2023-09-09 12:10:55"
152,"sed quia iure",6,41,"2023-09-09 12:10:55"
153,"incidunt ipsum voluptatem",6,46,"2023-09-09 12:10:55"
154,"eveniet reprehenderit repellendus",6,47,"2023-09-09 12:10:55"
155,"quo veritatis error",6,52,"2023-09-09 12:10:55"
156,"vel quasi vel",6,54,"2023-09-09 12:10:55"
157,"ullam ullam nam",6,57,"2023-09-09 12:10:55"
158,"rerum deserunt nisi",6,61,"2023-09-09 12:10:55"
159,"voluptatem id molestiae",6,62,"2023-09-09 12:10:55"
160,"consequuntur accusamus eligendi",6,66,"2023-09-09 12:10:55"
161,"velit fuga voluptates",6,71,"2023-09-09 12:10:55"
162,"consequatur provident ratione",6,73,"2023-09-09 12:10:55"
163,"impedit explicabo veniam",6,75,"2023-09-09 12:10:55"
164,"magnam tempora voluptas",6,76,"2023-09-09 12:10:55"
165,"aliquam ut architecto",6,78,"2023-09-09 12:10:55"
166,"qui error ut",6,84,"2023-09-09 12:10:55"
167,"consectetur quia perferendis",6,91,"2023-09-09 12:10:55"
168,"autem atque nam",6,93,"2023-09-09 12:10:55"
169,"nulla laboriosam deserunt",6,97,"2023-09-09 12:10:55"
170,"qui deleniti incidunt",6,99,"2023-09-09 12:10:55"
171,"sed voluptas esse",6,100,"2023-09-09 12:10:55"
172,"ea nam laudantium",7,5,"2023-09-09 12:10:55"
173,"veritatis aliquam occaecati",7,9,"2023-09-09 12:10:55"
174,"vel quo voluptatem",7,10,"2023-09-09 12:10:55"
175,"ut ut quisquam",7,11,"2023-09-09 12:10:55"
176,"repellat quod odio",7,14,"2023-09-09 12:10:55"
177,"porro magnam perspiciatis",7,19,"2023-09-09 12:10:55"
178,"quo ex quis",7,21,"2023-09-09 12:10:55"
179,"sunt deleniti delectus",7,24,"2023-09-09 12:10:55"
180,"dignissimos facilis consequatur",7,27,"2023-09-09 12:10:55"
181,"est repellat dolore",7,33,"2023-09-09 12:10:55"
182,"impedit quia enim",7,36,"2023-09-09 12:10:55"
183,"porro pariatur omnis",7,40,"2023-09-09 12:10:55"
184,"alias dolore sed",7,41,"2023-09-09 12:10:55"
185,"asperiores ipsum ipsam",7,42,"2023-09-09 12:10:55"
186,"quos ut deserunt",7,54,"2023-09-09 12:10:55"
187,"assumenda dolorem similique",7,56,"2023-09-09 12:10:55"
188,"rem voluptas laboriosam",7,57,"2023-09-09 12:10:55"
189,"similique quisquam similique",7,63,"2023-09-09 12:10:55"
190,"dolorem tempore iusto",7,66,"2023-09-09 12:10:55"
191,"natus minima veritatis",7,70,"2023-09-09 12:10:55"
192,"repellat ut est",7,71,"2023-09-09 12:10:55"
193,"excepturi consequatur qui",7,75,"2023-09-09 12:10:55"
194,"sapiente adipisci aliquam",7,76,"2023-09-09 12:10:55"
195,"et quidem iusto",7,87,"2023-09-09 12:10:55"
196,"recusandae quos laudantium",7,91,"2023-09-09 12:10:55"
197,"fugiat ipsa molestiae",7,92,"2023-09-09 12:10:55"
198,"doloribus porro neque",7,97,"2023-09-09 12:10:55"
199,"debitis id ullam",8,2,"2023-09-09 12:10:55"
200,"ad exercitationem qui",8,5,"2023-09-09 12:10:55"
201,"tenetur ab quia",8,8,"2023-09-09 12:10:55"
202,"dolores dolor voluptates",8,14,"2023-09-09 12:10:55"
203,"ad soluta eveniet",8,17,"2023-09-09 12:10:55"
204,"eum dicta temporibus",8,19,"2023-09-09 12:10:55"
205,"iusto quibusdam quo",8,21,"2023-09-09 12:10:55"
206,"laboriosam illum nobis",8,24,"2023-09-09 12:10:55"
207,"ad consequatur id",8,27,"2023-09-09 12:10:55"
208,"dolorem non explicabo",8,30,"2023-09-09 12:10:55"
209,"magni nobis voluptas",8,32,"2023-09-09 12:10:55"
210,"occaecati quia recusandae",8,33,"2023-09-09 12:10:55"
211,"eaque dolore quaerat",8,36,"2023-09-09 12:10:55"
212,"eum voluptatem non",8,37,"2023-09-09 12:10:55"
213,"sequi veritatis sint",8,39,"2023-09-09 12:10:55"
214,"fugiat ipsam rerum",8,41,"2023-09-09 12:10:55"
215,"iure est error",8,43,"2023-09-09 12:10:55"
216,"dolores ab cum",8,44,"2023-09-09 12:10:55"
217,"rem occaecati autem",8,46,"2023-09-09 12:10:55"
218,"magni ea temporibus",8,52,"2023-09-09 12:10:55"
219,"voluptas neque possimus",8,54,"2023-09-09 12:10:55"
220,"ut quia ipsam",8,56,"2023-09-09 12:10:55"
221,"non dolor reiciendis",8,57,"2023-09-09 12:10:55"
222,"ex nesciunt ex",8,63,"2023-09-09 12:10:55"
223,"animi earum explicabo",8,66,"2023-09-09 12:10:55"
224,"est numquam repellendus",8,71,"2023-09-09 12:10:55"
225,"ullam ut porro",8,72,"2023-09-09 12:10:55"
226,"ea fuga occaecati",8,73,"2023-09-09 12:10:55"
227,"laboriosam ratione excepturi",8,75,"2023-09-09 12:10:55"
228,"voluptatem in ut",8,76,"2023-09-09 12:10:55"
229,"sequi nobis placeat",8,82,"2023-09-09 12:10:55"
230,"voluptate labore sunt",8,84,"2023-09-09 12:10:55"
231,"quos modi est",8,85,"2023-09-09 12:10:55"
232,"veritatis odit sit",8,91,"2023-09-09 12:10:55"
233,"nostrum omnis maxime",8,93,"2023-09-09 12:10:55"
234,"est modi exercitationem",8,94,"2023-09-09 12:10:55"
235,"ullam totam quia",8,96,"2023-09-09 12:10:55"
236,"impedit enim quis",8,100,"2023-09-09 12:10:55"
237,"earum et dolorem",9,2,"2023-09-09 12:10:55"
238,"et qui dolorem",9,3,"2023-09-09 12:10:55"
239,"iure eveniet laboriosam",9,5,"2023-09-09 12:10:55"
240,"vel dicta voluptate",9,14,"2023-09-09 12:10:55"
241,"ut illum optio",9,19,"2023-09-09 12:10:55"
242,"rerum doloribus voluptas",9,21,"2023-09-09 12:10:55"
243,"quia nobis rerum",9,24,"2023-09-09 12:10:55"
244,"tempore nihil qui",9,26,"2023-09-09 12:10:55"
245,"neque ipsam nemo",9,36,"2023-09-09 12:10:55"
246,"a deserunt suscipit",9,40,"2023-09-09 12:10:55"
247,"accusantium aliquid perspiciatis",9,41,"2023-09-09 12:10:55"
248,"odio aut non",9,50,"2023-09-09 12:10:55"
249,"blanditiis qui reiciendis",9,54,"2023-09-09 12:10:55"
250,"voluptatibus sit iure",9,57,"2023-09-09 12:10:55"
251,"minus quos eum",9,61,"2023-09-09 12:10:55"
252,"ipsam dolor amet",9,65,"2023-09-09 12:10:55"
253,"ullam voluptas dolorem",9,66,"2023-09-09 12:10:55"
254,"esse esse porro",9,69,"2023-09-09 12:10:55"
255,"et velit et",9,71,"2023-09-09 12:10:55"
256,"voluptatem ut quasi",9,75,"2023-09-09 12:10:55"
257,"et facere soluta",9,76,"2023-09-09 12:10:55"
258,"similique facere maiores",9,85,"2023-09-09 12:10:55"
259,"officia ut voluptatem",9,91,"2023-09-09 12:10:55"
260,"debitis nisi doloremque",9,95,"2023-09-09 12:10:55"
261,"et non odio",9,98,"2023-09-09 12:10:55"
262,"iure veniam corporis",10,2,"2023-09-09 12:10:55"
263,"explicabo qui sit",10,5,"2023-09-09 12:10:55"
264,"quis autem qui",10,9,"2023-09-09 12:10:55"
265,"pariatur maxime voluptatem",10,12,"2023-09-09 12:10:55"
266,"voluptatem rerum vel",10,14,"2023-09-09 12:10:55"
267,"magnam ut dolore",10,21,"2023-09-09 12:10:55"
268,"soluta ipsum iusto",10,24,"2023-09-09 12:10:55"
269,"nihil eligendi quia",10,26,"2023-09-09 12:10:55"
270,"commodi aspernatur tempora",10,36,"2023-09-09 12:10:55"
271,"sint et aliquid",10,38,"2023-09-09 12:10:55"
272,"dolor quisquam ut",10,41,"2023-09-09 12:10:55"
273,"doloribus aut ut",10,46,"2023-09-09 12:10:55"
274,"excepturi et quaerat",10,54,"2023-09-09 12:10:55"
275,"soluta voluptate iste",10,57,"2023-09-09 12:10:55"
276,"veniam nihil saepe",10,66,"2023-09-09 12:10:55"
277,"et illo ratione",10,67,"2023-09-09 12:10:55"
278,"minus qui nobis",10,71,"2023-09-09 12:10:55"
279,"hic repudiandae voluptates",10,73,"2023-09-09 12:10:55"
280,"pariatur eaque ratione",10,75,"2023-09-09 12:10:55"
281,"qui eveniet aliquam",10,76,"2023-09-09 12:10:55"
282,"corporis explicabo temporibus",10,84,"2023-09-09 12:10:55"
283,"illo tempora sunt",10,87,"2023-09-09 12:10:55"
284,"est iure sed",10,91,"2023-09-09 12:10:55"
285,"iusto aliquid ut",10,100,"2023-09-09 12:10:55"
286,"consectetur iste ex",11,3,"2023-09-09 12:10:55"
287,"rerum et omnis",11,5,"2023-09-09 12:10:55"
288,"doloribus cupiditate eos",11,14,"2023-09-09 12:10:55"
289,"sequi corrupti beatae",11,20,"2023-09-09 12:10:55"
290,"ipsum suscipit blanditiis",11,21,"2023-09-09 12:10:55"
291,"placeat est dolore",11,24,"2023-09-09 12:10:55"
292,"quae perspiciatis in",11,27,"2023-09-09 12:10:55"
293,"voluptatibus aut ut",11,31,"2023-09-09 12:10:55"
294,"ut voluptatem minus",11,36,"2023-09-09 12:10:55"
295,"repellat dolorum alias",11,38,"2023-09-09 12:10:55"
296,"modi suscipit voluptatum",11,41,"2023-09-09 12:10:55"
297,"neque excepturi veritatis",11,50,"2023-09-09 12:10:55"
298,"vel ut iste",11,52,"2023-09-09 12:10:55"
299,"voluptatum culpa vero",11,54,"2023-09-09 12:10:55"
300,"corporis eius neque",11,55,"2023-09-09 12:10:55"
301,"corporis et aliquid",11,57,"2023-09-09 12:10:55"
302,"molestiae cumque culpa",11,66,"2023-09-09 12:10:55"
303,"molestiae dolor exercitationem",11,71,"2023-09-09 12:10:55"
304,"ut quia voluptate",11,73,"2023-09-09 12:10:55"
305,"illo dolor qui",11,75,"2023-09-09 12:10:55"
306,"eos consectetur reiciendis",11,76,"2023-09-09 12:10:55"
307,"quia et inventore",11,78,"2023-09-09 12:10:55"
308,"cumque quibusdam veniam",11,82,"2023-09-09 12:10:55"
309,"eum voluptas enim",11,84,"2023-09-09 12:10:55"
310,"quos numquam quia",11,91,"2023-09-09 12:10:55"
311,"ut dolore maxime",11,92,"2023-09-09 12:10:55"
312,"eos et saepe",11,99,"2023-09-09 12:10:55"
313,"sit quis fugiat",12,5,"2023-09-09 12:10:55"
314,"vitae cum qui",12,14,"2023-09-09 12:10:55"
315,"corrupti ut repellendus",12,17,"2023-09-09 12:10:55"
316,"atque minima fuga",12,18,"2023-09-09 12:10:55"
317,"aut molestias accusamus",12,21,"2023-09-09 12:10:55"
318,"saepe nihil quisquam",12,22,"2023-09-09 12:10:55"
319,"sed perferendis et",12,24,"2023-09-09 12:10:55"
320,"atque perferendis eius",12,32,"2023-09-09 12:10:55"
321,"reprehenderit nihil doloremque",12,36,"2023-09-09 12:10:55"
322,"voluptatem distinctio placeat",12,37,"2023-09-09 12:10:55"
323,"at aut ipsam",12,38,"2023-09-09 12:10:55"
324,"eos fugit asperiores",12,40,"2023-09-09 12:10:55"
325,"et consequatur ipsum",12,41,"2023-09-09 12:10:55"
326,"a animi aut",12,44,"2023-09-09 12:10:55"
327,"nihil incidunt culpa",12,54,"2023-09-09 12:10:55"
328,"non cum totam",12,57,"2023-09-09 12:10:55"
329,"iure minima sit",12,63,"2023-09-09 12:10:55"
330,"ut consequuntur quidem",12,66,"2023-09-09 12:10:55"
331,"quae est debitis",12,69,"2023-09-09 12:10:55"
332,"quidem reprehenderit excepturi",12,71,"2023-09-09 12:10:55"
333,"cum facilis incidunt",12,73,"2023-09-09 12:10:55"
334,"accusamus iste fuga",12,75,"2023-09-09 12:10:55"
335,"eligendi error beatae",12,76,"2023-09-09 12:10:55"
336,"reprehenderit dicta et",12,78,"2023-09-09 12:10:55"
337,"est quibusdam necessitatibus",12,91,"2023-09-09 12:10:55"
338,"vel laboriosam consectetur",12,98,"2023-09-09 12:10:55"
339,"sit provident quis",12,99,"2023-09-09 12:10:55"
340,"unde magnam est",13,2,"2023-09-09 12:10:55"
341,"repellendus iste eos",13,5,"2023-09-09 12:10:55"
342,"tempore debitis ad",13,9,"2023-09-09 12:10:55"
343,"sint in officia",13,10,"2023-09-09 12:10:55"
344,"deserunt libero dolor",13,12,"2023-09-09 12:10:55"
345,"vitae quia est",13,13,"2023-09-09 12:10:55"
346,"aliquid distinctio reprehenderit",13,14,"2023-09-09 12:10:55"
347,"et sapiente ullam",13,16,"2023-09-09 12:10:55"
348,"ab delectus nam",13,17,"2023-09-09 12:10:55"
349,"omnis quo dignissimos",13,21,"2023-09-09 12:10:55"
350,"perferendis possimus officiis",13,24,"2023-09-09 12:10:55"
351,"facere eum harum",13,28,"2023-09-09 12:10:55"
352,"officia atque ut",13,31,"2023-09-09 12:10:55"
353,"debitis a placeat",13,32,"2023-09-09 12:10:55"
354,"ut vel pariatur",13,35,"2023-09-09 12:10:55"
355,"fugit neque nesciunt",13,36,"2023-09-09 12:10:55"
356,"doloremque expedita et",13,39,"2023-09-09 12:10:55"
357,"illo rerum aliquam",13,41,"2023-09-09 12:10:55"
358,"earum ut eius",13,47,"2023-09-09 12:10:55"
359,"tempora unde veniam",13,50,"2023-09-09 12:10:55"
360,"ea dolore occaecati",13,52,"2023-09-09 12:10:55"
361,"suscipit vel excepturi",13,54,"2023-09-09 12:10:55"
362,"in debitis assumenda",13,57,"2023-09-09 12:10:55"
363,"libero consequatur ullam",13,60,"2023-09-09 12:10:55"
364,"iste et voluptatum",13,62,"2023-09-09 12:10:55"
365,"laudantium earum quia",13,65,"2023-09-09 12:10:55"
366,"voluptatibus natus ut",13,66,"2023-09-09 12:10:55"
367,"eos eum pariatur",13,70,"2023-09-09 12:10:55"
368,"velit est dignissimos",13,71,"2023-09-09 12:10:55"
369,"illo nisi voluptatibus",13,73,"2023-09-09 12:10:55"
370,"tenetur cum sapiente",13,75,"2023-09-09 12:10:55"
371,"excepturi autem aut",13,76,"2023-09-09 12:10:55"
372,"iure ducimus ea",13,79,"2023-09-09 12:10:55"
373,"est architecto corrupti",13,82,"2023-09-09 12:10:55"
374,"ullam et cum",13,91,"2023-09-09 12:10:55"
375,"impedit cumque exercitationem",13,93,"2023-09-09 12:10:55"
376,"aut vel minus",13,94,"2023-09-09 12:10:55"
377,"est assumenda et",13,98,"2023-09-09 12:10:55"
378,"minus consequatur doloremque",13,99,"2023-09-09 12:10:55"
379,"omnis esse necessitatibus",14,5,"2023-09-09 12:10:55"
380,"enim quia similique",14,14,"2023-09-09 12:10:55"
381,"aut tempora quos",14,15,"2023-09-09 12:10:55"
382,"consectetur dolorem voluptatem",14,21,"2023-09-09 12:10:55"
383,"officiis ut non",14,22,"2023-09-09 12:10:55"
384,"inventore aspernatur voluptatibus",14,24,"2023-09-09 12:10:55"
385,"sunt delectus iusto",14,30,"2023-09-09 12:10:55"
386,"quis earum sed",14,32,"2023-09-09 12:10:55"
387,"quis facere deleniti",14,35,"2023-09-09 12:10:55"
388,"voluptas culpa quod",14,36,"2023-09-09 12:10:55"
389,"quos facere maxime",14,41,"2023-09-09 12:10:55"
390,"optio culpa veritatis",14,46,"2023-09-09 12:10:55"
391,"animi dolorum soluta",14,52,"2023-09-09 12:10:55"
392,"sint veritatis ut",14,54,"2023-09-09 12:10:55"
393,"ratione non minima",14,57,"2023-09-09 12:10:55"
394,"dolorem nesciunt debitis",14,66,"2023-09-09 12:10:55"
395,"ut ea pariatur",14,69,"2023-09-09 12:10:55"
396,"esse earum et",14,71,"2023-09-09 12:10:55"
397,"quibusdam officia veniam",14,75,"2023-09-09 12:10:55"
398,"praesentium dolorum aspernatur",14,76,"2023-09-09 12:10:55"
399,"aliquid quos dolorem",14,87,"2023-09-09 12:10:55"
400,"libero tempora odio",14,91,"2023-09-09 12:10:55"
401,"minima quod nostrum",14,92,"2023-09-09 12:10:55"
402,"beatae repellendus voluptas",14,94,"2023-09-09 12:10:55"
403,"enim hic aut",14,98,"2023-09-09 12:10:55"
404,"enim beatae id",14,99,"2023-09-09 12:10:55"
405,"illo quibusdam a",14,100,"2023-09-09 12:10:55"
406,"et commodi dicta",15,4,"2023-09-09 12:10:55"
407,"quo molestiae nemo",15,5,"2023-09-09 12:10:55"
408,"labore delectus rerum",15,9,"2023-09-09 12:10:55"
409,"qui voluptates pariatur",15,13,"2023-09-09 12:10:55"
410,"expedita sunt rerum",15,14,"2023-09-09 12:10:55"
411,"et id qui",15,21,"2023-09-09 12:10:55"
412,"labore enim ut",15,22,"2023-09-09 12:10:55"
413,"labore voluptas ab",15,24,"2023-09-09 12:10:55"
414,"in quaerat facere",15,28,"2023-09-09 12:10:55"
415,"doloremque commodi rem",15,32,"2023-09-09 12:10:55"
416,"beatae assumenda in",15,35,"2023-09-09 12:10:55"
417,"qui occaecati occaecati",15,36,"2023-09-09 12:10:55"
418,"totam vero ut",15,37,"2023-09-09 12:10:55"
419,"optio ut explicabo",15,41,"2023-09-09 12:10:55"
420,"aut quia nostrum",15,44,"2023-09-09 12:10:55"
421,"culpa veniam quia",15,46,"2023-09-09 12:10:55"
422,"sit sint sapiente",15,52,"2023-09-09 12:10:55"
423,"ea voluptas aut",15,54,"2023-09-09 12:10:55"
424,"maxime quia porro",15,57,"2023-09-09 12:10:55"
425,"quas nobis aspernatur",15,63,"2023-09-09 12:10:55"
426,"et molestiae non",15,66,"2023-09-09 12:10:55"
427,"enim perferendis eum",15,71,"2023-09-09 12:10:55"
428,"animi dolor numquam",15,72,"2023-09-09 12:10:55"
429,"in veritatis cupiditate",15,75,"2023-09-09 12:10:55"
430,"et modi voluptatem",15,76,"2023-09-09 12:10:55"
431,"dolorem non fugiat",15,87,"2023-09-09 12:10:55"
432,"quam non sit",15,91,"2023-09-09 12:10:55"
433,"et illo facilis",15,96,"2023-09-09 12:10:55"
434,"ipsum maxime sapiente",16,5,"2023-09-09 12:10:55"
435,"nesciunt voluptas velit",16,11,"2023-09-09 12:10:55"
436,"rerum id debitis",16,14,"2023-09-09 12:10:55"
437,"accusamus ducimus sunt",16,18,"2023-09-09 12:10:55"
438,"ipsam tempore aut",16,21,"2023-09-09 12:10:55"
439,"esse quo eveniet",16,24,"2023-09-09 12:10:55"
440,"a tenetur rem",16,31,"2023-09-09 12:10:55"
441,"delectus alias vel",16,36,"2023-09-09 12:10:55"
442,"omnis pariatur doloremque",16,41,"2023-09-09 12:10:55"
443,"et ut nihil",16,42,"2023-09-09 12:10:55"
444,"nihil reiciendis laboriosam",16,54,"2023-09-09 12:10:55"
445,"et et nemo",16,57,"2023-09-09 12:10:55"
446,"nesciunt voluptatum est",16,62,"2023-09-09 12:10:55"
447,"unde in quos",16,63,"2023-09-09 12:10:55"
448,"ipsam distinctio quidem",16,66,"2023-09-09 12:10:55"
449,"quis autem dolore",16,70,"2023-09-09 12:10:55"
450,"dolore et quibusdam",16,71,"2023-09-09 12:10:55"
451,"est accusantium iste",16,73,"2023-09-09 12:10:55"
452,"dolore commodi animi",16,75,"2023-09-09 12:10:55"
453,"repellendus expedita velit",16,76,"2023-09-09 12:10:55"
454,"odio alias tenetur",16,82,"2023-09-09 12:10:55"
455,"illo corrupti debitis",16,91,"2023-09-09 12:10:55"
456,"eveniet odit repudiandae",17,5,"2023-09-09 12:10:55"
457,"ipsam et tempora",17,14,"2023-09-09 12:10:55"
458,"perspiciatis est facere",17,19,"2023-09-09 12:10:55"
459,"et hic magni",17,21,"2023-09-09 12:10:55"
460,"repellendus non aperiam",17,24,"2023-09-09 12:10:55"
461,"quia voluptatibus exercitationem",17,26,"2023-09-09 12:10:55"
462,"dolorem cumque qui",17,30,"2023-09-09 12:10:55"
463,"ea aut rerum",17,31,"2023-09-09 12:10:55"
464,"hic aut voluptates",17,33,"2023-09-09 12:10:55"
465,"unde accusamus sint",17,36,"2023-09-09 12:10:55"
466,"unde similique in",17,39,"2023-09-09 12:10:55"
467,"consequatur culpa ducimus",17,40,"2023-09-09 12:10:55"
468,"molestias voluptatem et",17,41,"2023-09-09 12:10:55"
469,"pariatur iusto beatae",17,54,"2023-09-09 12:10:55"
470,"voluptates qui saepe",17,57,"2023-09-09 12:10:55"
471,"autem aut tempore",17,66,"2023-09-09 12:10:55"
472,"et qui nulla",17,71,"2023-09-09 12:10:55"
473,"soluta recusandae nemo",17,75,"2023-09-09 12:10:55"
474,"optio praesentium id",17,76,"2023-09-09 12:10:55"
475,"est aut fuga",17,84,"2023-09-09 12:10:55"
476,"a velit blanditiis",17,87,"2023-09-09 12:10:55"
477,"laudantium temporibus quis",17,91,"2023-09-09 12:10:55"
478,"adipisci eos labore",17,96,"2023-09-09 12:10:55"
479,"deleniti corrupti illum",18,5,"2023-09-09 12:10:55"
480,"porro aut doloremque",18,14,"2023-09-09 12:10:55"
481,"nihil ut soluta",18,16,"2023-09-09 12:10:55"
482,"voluptatem quo quidem",18,18,"2023-09-09 12:10:55"
483,"quia repellendus qui",18,21,"2023-09-09 12:10:55"
484,"quaerat consectetur et",18,22,"2023-09-09 12:10:55"
485,"et illo illum",18,24,"2023-09-09 12:10:55"
486,"qui eveniet corporis",18,26,"2023-09-09 12:10:55"
487,"vero similique accusantium",18,30,"2023-09-09 12:10:55"
488,"quos itaque id",18,32,"2023-09-09 12:10:55"
489,"consectetur et vel",18,36,"2023-09-09 12:10:55"
490,"modi consequatur explicabo",18,41,"2023-09-09 12:10:55"
491,"veniam tenetur vel",18,43,"2023-09-09 12:10:55"
492,"autem fugiat illo",18,44,"2023-09-09 12:10:55"
493,"ut ducimus dicta",18,48,"2023-09-09 12:10:55"
494,"id ab ipsum",18,54,"2023-09-09 12:10:55"
495,"fugit aspernatur saepe",18,55,"2023-09-09 12:10:55"
496,"itaque dolorem autem",18,57,"2023-09-09 12:10:55"
497,"sapiente ea nemo",18,66,"2023-09-09 12:10:55"
498,"atque aliquid facere",18,71,"2023-09-09 12:10:55"
499,"eaque inventore doloribus",18,75,"2023-09-09 12:10:55"
500,"dolor est distinctio",18,76,"2023-09-09 12:10:55"
501,"consequatur expedita magni",18,82,"2023-09-09 12:10:55"
502,"optio ex alias",18,84,"2023-09-09 12:10:55"
503,"molestias alias reprehenderit",18,91,"2023-09-09 12:10:55"
504,"aperiam facilis fugiat",18,92,"2023-09-09 12:10:55"
505,"atque tempore beatae",18,97,"2023-09-09 12:10:55"
506,"culpa id ut",19,3,"2023-09-09 12:10:55"
507,"et aspernatur deleniti",19,5,"2023-09-09 12:10:55"
508,"vero fuga iure",19,11,"2023-09-09 12:10:55"
509,"illum quo quis",19,12,"2023-09-09 12:10:55"
510,"corporis ut corporis",19,14,"2023-09-09 12:10:55"
511,"magnam aut sit",19,17,"2023-09-09 12:10:55"
512,"dolores fugit nihil",19,18,"2023-09-09 12:10:55"
513,"ipsum aut rerum",19,19,"2023-09-09 12:10:55"
514,"vel laborum error",19,21,"2023-09-09 12:10:55"
515,"autem sit cumque",19,22,"2023-09-09 12:10:55"
516,"natus ut et",19,24,"2023-09-09 12:10:55"
517,"quia perferendis minus",19,26,"2023-09-09 12:10:55"
518,"architecto aliquid rerum",19,35,"2023-09-09 12:10:55"
519,"dignissimos nisi reiciendis",19,36,"2023-09-09 12:10:55"
520,"suscipit inventore eligendi",19,41,"2023-09-09 12:10:55"
521,"quia occaecati quis",19,47,"2023-09-09 12:10:55"
522,"perspiciatis ut molestiae",19,48,"2023-09-09 12:10:55"
523,"sint vitae atque",19,54,"2023-09-09 12:10:55"
524,"et ipsam vitae",19,56,"2023-09-09 12:10:55"
525,"et eum ipsam",19,57,"2023-09-09 12:10:55"
526,"vel et impedit",19,66,"2023-09-09 12:10:55"
527,"suscipit consequatur excepturi",19,67,"2023-09-09 12:10:55"
528,"perferendis dignissimos eligendi",19,70,"2023-09-09 12:10:55"
529,"illo nostrum quam",19,71,"2023-09-09 12:10:55"
530,"quae atque nobis",19,73,"2023-09-09 12:10:55"
531,"voluptatem id est",19,75,"2023-09-09 12:10:55"
532,"autem praesentium minus",19,76,"2023-09-09 12:10:55"
533,"quam temporibus eum",19,91,"2023-09-09 12:10:55"
534,"nesciunt saepe praesentium",19,93,"2023-09-09 12:10:55"
535,"doloribus occaecati laborum",19,95,"2023-09-09 12:10:55"
536,"dolorum qui odit",19,97,"2023-09-09 12:10:55"
537,"a doloribus architecto",19,98,"2023-09-09 12:10:55"
538,"ad nobis ipsum",19,99,"2023-09-09 12:10:55"
539,"laudantium provident qui",19,100,"2023-09-09 12:10:55"
540,"quod ipsam optio",20,2,"2023-09-09 12:10:55"
541,"consectetur suscipit dolores",20,5,"2023-09-09 12:10:55"
542,"consectetur natus provident",20,14,"2023-09-09 12:10:55"
543,"voluptatibus dolorem ab",20,17,"2023-09-09 12:10:55"
544,"laboriosam deserunt suscipit",20,21,"2023-09-09 12:10:55"
545,"voluptatibus aliquid mollitia",20,24,"2023-09-09 12:10:55"
546,"nostrum sed aliquid",20,36,"2023-09-09 12:10:55"
547,"nihil qui omnis",20,41,"2023-09-09 12:10:55"
548,"pariatur sunt est",20,43,"2023-09-09 12:10:55"
549,"aut aut eaque",20,52,"2023-09-09 12:10:55"
550,"qui sequi est",20,54,"2023-09-09 12:10:55"
551,"odit sed omnis",20,56,"2023-09-09 12:10:55"
552,"illo aut molestiae",20,57,"2023-09-09 12:10:55"
553,"eligendi voluptatem cupiditate",20,60,"2023-09-09 12:10:55"
554,"corrupti qui earum",20,66,"2023-09-09 12:10:55"
555,"veniam qui cupiditate",20,67,"2023-09-09 12:10:55"
556,"illum dolore est",20,71,"2023-09-09 12:10:55"
557,"et enim debitis",20,73,"2023-09-09 12:10:55"
558,"cum sed sit",20,75,"2023-09-09 12:10:55"
559,"tempore ut voluptas",20,76,"2023-09-09 12:10:55"
560,"vel fugit et",20,82,"2023-09-09 12:10:55"
561,"ab sit dignissimos",20,85,"2023-09-09 12:10:55"
562,"assumenda vel enim",20,91,"2023-09-09 12:10:55"
563,"consequatur consequatur reiciendis",20,96,"2023-09-09 12:10:55"
564,"distinctio quae fuga",20,97,"2023-09-09 12:10:55"
565,"aliquid magnam dicta",20,98,"2023-09-09 12:10:55"
566,"id in quaerat",21,3,"2023-09-09 12:10:55"
567,"neque quos pariatur",21,4,"2023-09-09 12:10:55"
568,"iusto enim excepturi",21,5,"2023-09-09 12:10:55"
569,"consequatur libero pariatur",21,6,"2023-09-09 12:10:55"
570,"ducimus non earum",21,8,"2023-09-09 12:10:55"
571,"omnis praesentium nihil",21,14,"2023-09-09 12:10:55"
572,"harum earum ut",21,17,"2023-09-09 12:10:55"
573,"sed cum repellat",21,18,"2023-09-09 12:10:55"
574,"esse adipisci praesentium",21,20,"2023-09-09 12:10:55"
575,"modi quae ut",21,21,"2023-09-09 12:10:55"
576,"incidunt et laudantium",21,24,"2023-09-09 12:10:55"
577,"sunt excepturi esse",21,27,"2023-09-09 12:10:55"
578,"qui a officiis",21,36,"2023-09-09 12:10:55"
579,"necessitatibus sunt cumque",21,39,"2023-09-09 12:10:55"
580,"est recusandae harum",21,41,"2023-09-09 12:10:55"
581,"exercitationem nam molestias",21,48,"2023-09-09 12:10:55"
582,"vitae corrupti et",21,54,"2023-09-09 12:10:55"
583,"debitis omnis dolor",21,57,"2023-09-09 12:10:55"
584,"dolor culpa inventore",21,65,"2023-09-09 12:10:55"
585,"omnis aut delectus",21,66,"2023-09-09 12:10:55"
586,"at accusantium et",21,70,"2023-09-09 12:10:55"
587,"alias deleniti sequi",21,71,"2023-09-09 12:10:55"
588,"ipsum aut et",21,75,"2023-09-09 12:10:55"
589,"aut ut et",21,76,"2023-09-09 12:10:55"
590,"saepe reprehenderit doloremque",21,79,"2023-09-09 12:10:55"
591,"placeat quo ab",21,87,"2023-09-09 12:10:55"
592,"vitae quia laudantium",21,91,"2023-09-09 12:10:55"
593,"cupiditate ratione earum",21,97,"2023-09-09 12:10:55"
594,"aut id reprehenderit",21,100,"2023-09-09 12:10:55"
595,"non deleniti exercitationem",22,5,"2023-09-09 12:10:55"
596,"nihil dolor suscipit",22,8,"2023-09-09 12:10:55"
597,"quisquam dolore blanditiis",22,12,"2023-09-09 12:10:55"
598,"accusamus et impedit",22,13,"2023-09-09 12:10:55"
599,"enim similique veniam",22,14,"2023-09-09 12:10:55"
600,"modi sint aliquam",22,16,"2023-09-09 12:10:55"
601,"dolores inventore dolores",22,20,"2023-09-09 12:10:55"
602,"quis ut hic",22,21,"2023-09-09 12:10:55"
603,"sit voluptatibus atque",22,24,"2023-09-09 12:10:55"
604,"aut et minima",22,26,"2023-09-09 12:10:55"
605,"sint doloremque corrupti",22,31,"2023-09-09 12:10:55"
606,"iure temporibus sed",22,36,"2023-09-09 12:10:55"
607,"blanditiis eum eum",22,38,"2023-09-09 12:10:55"
608,"illum non ab",22,40,"2023-09-09 12:10:55"
609,"consequatur veniam est",22,41,"2023-09-09 12:10:55"
610,"rerum adipisci et",22,43,"2023-09-09 12:10:55"
611,"placeat dolor esse",22,46,"2023-09-09 12:10:55"
612,"suscipit reprehenderit enim",22,52,"2023-09-09 12:10:55"
613,"sit voluptas sed",22,54,"2023-09-09 12:10:55"
614,"cum reprehenderit id",22,55,"2023-09-09 12:10:55"
615,"est enim ut",22,57,"2023-09-09 12:10:55"
616,"quam placeat esse",22,65,"2023-09-09 12:10:55"
617,"veritatis explicabo corrupti",22,66,"2023-09-09 12:10:55"
618,"et non facere",22,67,"2023-09-09 12:10:55"
619,"officia ut non",22,71,"2023-09-09 12:10:55"
620,"ut placeat omnis",22,72,"2023-09-09 12:10:55"
621,"sunt harum nemo",22,75,"2023-09-09 12:10:55"
622,"eligendi omnis nihil",22,76,"2023-09-09 12:10:55"
623,"omnis voluptatem aliquid",22,79,"2023-09-09 12:10:55"
624,"tempora ut cumque",22,82,"2023-09-09 12:10:55"
625,"dolores omnis quae",22,91,"2023-09-09 12:10:55"
626,"dolore tempore aperiam",22,94,"2023-09-09 12:10:55"
627,"possimus fuga eveniet",22,97,"2023-09-09 12:10:55"
628,"ut consequuntur nemo",22,99,"2023-09-09 12:10:55"
629,"eligendi maiores et",23,2,"2023-09-09 12:10:55"
630,"in aut voluptatem",23,5,"2023-09-09 12:10:55"
631,"tenetur vel repudiandae",23,10,"2023-09-09 12:10:55"
632,"sapiente unde sapiente",23,14,"2023-09-09 12:10:55"
633,"cumque optio et",23,16,"2023-09-09 12:10:55"
634,"accusantium rerum aut",23,21,"2023-09-09 12:10:55"
635,"laboriosam quae ea",23,22,"2023-09-09 12:10:55"
636,"molestias corporis qui",23,24,"2023-09-09 12:10:55"
637,"dolorem ut sint",23,28,"2023-09-09 12:10:55"
638,"ea eligendi voluptatem",23,31,"2023-09-09 12:10:55"
639,"ut sequi asperiores",23,36,"2023-09-09 12:10:55"
640,"sint nihil aut",23,38,"2023-09-09 12:10:55"
641,"dicta fuga molestiae",23,41,"2023-09-09 12:10:55"
642,"est hic est",23,42,"2023-09-09 12:10:55"
643,"et dignissimos ratione",23,54,"2023-09-09 12:10:55"
644,"neque aut odio",23,57,"2023-09-09 12:10:55"
645,"beatae et et",23,66,"2023-09-09 12:10:55"
646,"reiciendis ad ducimus",23,70,"2023-09-09 12:10:55"
647,"laboriosam aliquid tenetur",23,71,"2023-09-09 12:10:55"
648,"quam et eum",23,73,"2023-09-09 12:10:55"
649,"ullam et molestiae",23,75,"2023-09-09 12:10:55"
650,"suscipit beatae quod",23,76,"2023-09-09 12:10:55"
651,"in earum ea",23,78,"2023-09-09 12:10:55"
652,"similique enim ut",23,82,"2023-09-09 12:10:55"
653,"aut fugiat voluptas",23,91,"2023-09-09 12:10:55"
654,"aperiam praesentium et",23,93,"2023-09-09 12:10:55"
655,"aut ea consectetur",24,5,"2023-09-09 12:10:55"
656,"animi qui unde",24,9,"2023-09-09 12:10:55"
657,"suscipit laborum omnis",24,10,"2023-09-09 12:10:55"
658,"aliquam omnis a",24,14,"2023-09-09 12:10:55"
659,"ut laudantium sint",24,15,"2023-09-09 12:10:55"
660,"occaecati quas odit",24,17,"2023-09-09 12:10:55"
661,"corrupti officia molestias",24,20,"2023-09-09 12:10:55"
662,"autem laudantium nisi",24,21,"2023-09-09 12:10:55"
663,"eos inventore sit",24,24,"2023-09-09 12:10:55"
664,"aspernatur voluptatum et",24,27,"2023-09-09 12:10:55"
665,"pariatur dolor voluptas",24,28,"2023-09-09 12:10:55"
666,"est culpa at",24,36,"2023-09-09 12:10:55"
667,"labore enim vitae",24,41,"2023-09-09 12:10:55"
668,"sit corrupti asperiores",24,43,"2023-09-09 12:10:55"
669,"vel quo vitae",24,47,"2023-09-09 12:10:55"
670,"nulla quia tempora",24,50,"2023-09-09 12:10:55"
671,"reiciendis et error",24,54,"2023-09-09 12:10:55"
672,"eos nisi enim",24,57,"2023-09-09 12:10:55"
673,"deleniti nulla veritatis",24,60,"2023-09-09 12:10:55"
674,"nesciunt commodi eos",24,66,"2023-09-09 12:10:55"
675,"numquam fugiat voluptate",24,67,"2023-09-09 12:10:55"
676,"quis ullam itaque",24,71,"2023-09-09 12:10:55"
677,"aliquam quia dolores",24,75,"2023-09-09 12:10:55"
678,"quia et quibusdam",24,76,"2023-09-09 12:10:55"
679,"architecto atque sapiente",24,91,"2023-09-09 12:10:55"
680,"esse iste architecto",24,95,"2023-09-09 12:10:55"
681,"et et et",25,4,"2023-09-09 12:10:55"
682,"laudantium et hic",25,5,"2023-09-09 12:10:55"
683,"quibusdam dolore quas",25,6,"2023-09-09 12:10:55"
684,"reiciendis dolores laudantium",25,9,"2023-09-09 12:10:55"
685,"dolor illum veritatis",25,13,"2023-09-09 12:10:55"
686,"qui tempora totam",25,14,"2023-09-09 12:10:55"
687,"eveniet inventore itaque",25,21,"2023-09-09 12:10:55"
688,"officia explicabo amet",25,24,"2023-09-09 12:10:55"
689,"est doloribus asperiores",25,28,"2023-09-09 12:10:55"
690,"vel assumenda voluptas",25,36,"2023-09-09 12:10:55"
691,"commodi recusandae et",25,39,"2023-09-09 12:10:55"
692,"fugit aut amet",25,41,"2023-09-09 12:10:55"
693,"aut et consequatur",25,46,"2023-09-09 12:10:55"
694,"blanditiis voluptatem incidunt",25,48,"2023-09-09 12:10:55"
695,"exercitationem saepe atque",25,50,"2023-09-09 12:10:55"
696,"in quam vitae",25,52,"2023-09-09 12:10:55"
697,"alias et qui",25,54,"2023-09-09 12:10:55"
698,"consequatur facilis unde",25,55,"2023-09-09 12:10:55"
699,"voluptas voluptatem ab",25,57,"2023-09-09 12:10:55"
700,"sit nesciunt minima",25,66,"2023-09-09 12:10:55"
701,"libero pariatur dolorum",25,67,"2023-09-09 12:10:55"
702,"minima fugit ab",25,71,"2023-09-09 12:10:55"
703,"atque non dolores",25,72,"2023-09-09 12:10:55"
704,"fugiat repudiandae adipisci",25,75,"2023-09-09 12:10:55"
705,"ut architecto est",25,76,"2023-09-09 12:10:55"
706,"quibusdam aut quisquam",25,78,"2023-09-09 12:10:55"
707,"assumenda rerum ea",25,79,"2023-09-09 12:10:55"
708,"id qui quo",25,84,"2023-09-09 12:10:55"
709,"quidem consectetur illum",25,85,"2023-09-09 12:10:55"
710,"necessitatibus aperiam voluptas",25,91,"2023-09-09 12:10:55"
711,"dolor amet qui",25,96,"2023-09-09 12:10:55"
712,"similique similique fuga",25,97,"2023-09-09 12:10:55"
713,"aut quia similique",25,98,"2023-09-09 12:10:55"
714,"voluptas ducimus consequatur",26,5,"2023-09-09 12:10:55"
715,"voluptatem non sit",26,8,"2023-09-09 12:10:55"
716,"quidem officia aliquid",26,11,"2023-09-09 12:10:55"
717,"aut fuga et",26,13,"2023-09-09 12:10:55"
718,"est velit molestiae",26,14,"2023-09-09 12:10:55"
719,"ipsum accusamus dolorem",26,15,"2023-09-09 12:10:55"
720,"eveniet nulla minus",26,17,"2023-09-09 12:10:55"
721,"debitis accusantium laboriosam",26,18,"2023-09-09 12:10:55"
722,"temporibus ea porro",26,20,"2023-09-09 12:10:55"
723,"vel sed omnis",26,21,"2023-09-09 12:10:55"
724,"molestiae ea soluta",26,24,"2023-09-09 12:10:55"
725,"pariatur ut quia",26,27,"2023-09-09 12:10:55"
726,"cupiditate enim non",26,30,"2023-09-09 12:10:55"
727,"ab pariatur ut",26,33,"2023-09-09 12:10:55"
728,"et voluptatibus est",26,35,"2023-09-09 12:10:55"
729,"rerum corporis sapiente",26,36,"2023-09-09 12:10:55"
730,"earum et dolorum",26,39,"2023-09-09 12:10:55"
731,"et neque adipisci",26,41,"2023-09-09 12:10:55"
732,"voluptas est ea",26,54,"2023-09-09 12:10:55"
733,"id dignissimos dolor",26,55,"2023-09-09 12:10:55"
734,"accusantium ab maxime",26,57,"2023-09-09 12:10:55"
735,"unde quam laudantium",26,66,"2023-09-09 12:10:55"
736,"omnis quod sit",26,70,"2023-09-09 12:10:55"
737,"deserunt ea tenetur",26,71,"2023-09-09 12:10:55"
738,"ut quam doloremque",26,75,"2023-09-09 12:10:55"
739,"non quod vero",26,76,"2023-09-09 12:10:55"
740,"porro illo reprehenderit",26,78,"2023-09-09 12:10:55"
741,"ea et sapiente",26,82,"2023-09-09 12:10:55"
742,"et beatae iusto",26,87,"2023-09-09 12:10:55"
743,"dolorem reiciendis repellendus",26,91,"2023-09-09 12:10:55"
744,"enim harum veniam",26,98,"2023-09-09 12:10:55"
745,"voluptatem veniam nam",26,99,"2023-09-09 12:10:55"
746,"aspernatur consectetur ea",26,100,"2023-09-09 12:10:55"
747,"et odit quidem",27,3,"2023-09-09 12:10:55"
748,"labore et saepe",27,4,"2023-09-09 12:10:55"
749,"est et dolores",27,5,"2023-09-09 12:10:55"
750,"occaecati cupiditate dolore",27,10,"2023-09-09 12:10:55"
751,"placeat aut amet",27,14,"2023-09-09 12:10:55"
752,"asperiores doloribus odit",27,18,"2023-09-09 12:10:55"
753,"quaerat ad rerum",27,20,"2023-09-09 12:10:55"
754,"ut ipsam quisquam",27,21,"2023-09-09 12:10:55"
755,"voluptatem sed quas",27,24,"2023-09-09 12:10:55"
756,"temporibus sunt atque",27,31,"2023-09-09 12:10:55"
757,"officiis in consequatur",27,36,"2023-09-09 12:10:55"
758,"tempora ex blanditiis",27,41,"2023-09-09 12:10:55"
759,"non ut in",27,42,"2023-09-09 12:10:55"
760,"omnis qui voluptate",27,54,"2023-09-09 12:10:55"
761,"quia consequuntur nostrum",27,57,"2023-09-09 12:10:55"
762,"et suscipit veritatis",27,66,"2023-09-09 12:10:55"
763,"maiores rerum ut",27,69,"2023-09-09 12:10:55"
764,"quasi et vel",27,71,"2023-09-09 12:10:55"
765,"aliquid ut totam",27,72,"2023-09-09 12:10:55"
766,"aspernatur et illo",27,75,"2023-09-09 12:10:55"
767,"necessitatibus facere autem",27,76,"2023-09-09 12:10:55"
768,"earum dolores optio",27,78,"2023-09-09 12:10:55"
769,"facilis id eligendi",27,84,"2023-09-09 12:10:55"
770,"et consequatur ea",27,91,"2023-09-09 12:10:55"
771,"facilis culpa voluptatibus",27,93,"2023-09-09 12:10:55"
772,"earum ratione perspiciatis",27,97,"2023-09-09 12:10:55"
773,"vel autem officiis",27,98,"2023-09-09 12:10:55"
774,"doloremque voluptatem omnis",28,5,"2023-09-09 12:10:55"
775,"mollitia perspiciatis et",28,13,"2023-09-09 12:10:55"
776,"maiores placeat autem",28,14,"2023-09-09 12:10:55"
777,"eos sit quidem",28,15,"2023-09-09 12:10:55"
778,"dolorum dignissimos quia",28,21,"2023-09-09 12:10:55"
779,"quam alias sed",28,24,"2023-09-09 12:10:55"
780,"et qui dolores",28,28,"2023-09-09 12:10:55"
781,"ex dolorum sequi",28,30,"2023-09-09 12:10:55"
782,"aut vel dolores",28,32,"2023-09-09 12:10:55"
783,"quos soluta est",28,35,"2023-09-09 12:10:55"
784,"aspernatur et quia",28,36,"2023-09-09 12:10:55"
785,"accusantium nesciunt dolores",28,41,"2023-09-09 12:10:55"
786,"unde velit dolor",28,47,"2023-09-09 12:10:55"
787,"soluta maxime expedita",28,50,"2023-09-09 12:10:55"
788,"aperiam optio possimus",28,54,"2023-09-09 12:10:55"
789,"nostrum earum quisquam",28,57,"2023-09-09 12:10:55"
790,"optio quibusdam et",28,60,"2023-09-09 12:10:55"
791,"in deserunt asperiores",28,61,"2023-09-09 12:10:55"
792,"voluptatem est tempore",28,63,"2023-09-09 12:10:55"
793,"omnis velit id",28,66,"2023-09-09 12:10:55"
794,"molestiae laudantium ratione",28,67,"2023-09-09 12:10:55"
795,"debitis aliquid aperiam",28,71,"2023-09-09 12:10:55"
796,"iusto ut labore",28,75,"2023-09-09 12:10:55"
797,"reiciendis rem sit",28,76,"2023-09-09 12:10:55"
798,"ratione voluptas beatae",28,78,"2023-09-09 12:10:55"
799,"quam et culpa",28,91,"2023-09-09 12:10:55"
800,"laboriosam rerum occaecati",28,92,"2023-09-09 12:10:55"
801,"tenetur occaecati consequatur",28,97,"2023-09-09 12:10:55"
802,"sint quod rerum",28,98,"2023-09-09 12:10:55"
803,"iure quasi sunt",28,100,"2023-09-09 12:10:55"
804,"laboriosam nihil expedita",29,3,"2023-09-09 12:10:55"
805,"maiores ipsum voluptas",29,4,"2023-09-09 12:10:55"
806,"corrupti repellat sunt",29,5,"2023-09-09 12:10:55"
807,"delectus illum tempora",29,6,"2023-09-09 12:10:55"
808,"suscipit accusantium qui",29,9,"2023-09-09 12:10:55"
809,"corporis corporis repudiandae",29,10,"2023-09-09 12:10:55"
810,"fugiat aut neque",29,12,"2023-09-09 12:10:55"
811,"sint omnis iste",29,14,"2023-09-09 12:10:55"
812,"eligendi a pariatur",29,15,"2023-09-09 12:10:55"
813,"itaque veritatis quod",29,16,"2023-09-09 12:10:55"
814,"animi illo eos",29,20,"2023-09-09 12:10:55"
815,"eum dolorem molestias",29,21,"2023-09-09 12:10:55"
816,"facilis sequi voluptatem",29,22,"2023-09-09 12:10:55"
817,"porro magni cum",29,24,"2023-09-09 12:10:55"
818,"doloribus ab consequatur",29,27,"2023-09-09 12:10:55"
819,"et in voluptatem",29,28,"2023-09-09 12:10:55"
820,"repellendus voluptatem accusamus",29,31,"2023-09-09 12:10:55"
821,"nesciunt rerum dicta",29,33,"2023-09-09 12:10:55"
822,"quos vel dolor",29,36,"2023-09-09 12:10:55"
823,"saepe quas sint",29,37,"2023-09-09 12:10:55"
824,"quaerat ratione voluptas",29,39,"2023-09-09 12:10:55"
825,"iure quaerat repudiandae",29,40,"2023-09-09 12:10:55"
826,"soluta iusto quas",29,41,"2023-09-09 12:10:55"
827,"veritatis ullam pariatur",29,54,"2023-09-09 12:10:55"
828,"corrupti at repudiandae",29,57,"2023-09-09 12:10:55"
829,"nostrum quibusdam iusto",29,63,"2023-09-09 12:10:55"
830,"libero nulla quia",29,66,"2023-09-09 12:10:55"
831,"veniam et molestiae",29,71,"2023-09-09 12:10:55"
832,"veritatis porro fugiat",29,72,"2023-09-09 12:10:55"
833,"pariatur at optio",29,73,"2023-09-09 12:10:55"
834,"quia dolores ad",29,75,"2023-09-09 12:10:55"
835,"quis sit blanditiis",29,76,"2023-09-09 12:10:55"
836,"libero sint quo",29,91,"2023-09-09 12:10:55"
837,"deserunt voluptates non",29,94,"2023-09-09 12:10:55"
838,"iste perferendis quis",29,95,"2023-09-09 12:10:55"
839,"sunt sed in",29,98,"2023-09-09 12:10:55"
840,"est esse voluptates",30,5,"2023-09-09 12:10:55"
841,"iure dicta aliquid",30,14,"2023-09-09 12:10:55"
842,"ut et dolores",30,17,"2023-09-09 12:10:55"
843,"placeat velit autem",30,20,"2023-09-09 12:10:55"
844,"voluptas ab ut",30,21,"2023-09-09 12:10:55"
845,"veritatis vitae in",30,22,"2023-09-09 12:10:55"
846,"nostrum quo id",30,24,"2023-09-09 12:10:55"
847,"qui quidem est",30,28,"2023-09-09 12:10:55"
848,"minima ex voluptatem",30,33,"2023-09-09 12:10:55"
849,"voluptatem placeat magnam",30,36,"2023-09-09 12:10:55"
850,"animi modi in",30,39,"2023-09-09 12:10:55"
851,"aperiam ullam dolorum",30,40,"2023-09-09 12:10:55"
852,"ad ut et",30,41,"2023-09-09 12:10:55"
853,"ut laboriosam tenetur",30,43,"2023-09-09 12:10:55"
854,"expedita dolor iusto",30,44,"2023-09-09 12:10:55"
855,"enim quas consequatur",30,54,"2023-09-09 12:10:55"
856,"in harum eum",30,56,"2023-09-09 12:10:55"
857,"qui iusto deserunt",30,57,"2023-09-09 12:10:55"
858,"iste dolore voluptatem",30,66,"2023-09-09 12:10:55"
859,"ratione temporibus est",30,71,"2023-09-09 12:10:55"
860,"corrupti quo quisquam",30,72,"2023-09-09 12:10:55"
861,"magni et fugit",30,75,"2023-09-09 12:10:55"
862,"totam voluptate nobis",30,76,"2023-09-09 12:10:55"
863,"autem doloribus architecto",30,78,"2023-09-09 12:10:55"
864,"commodi adipisci nihil",30,79,"2023-09-09 12:10:55"
865,"animi quod incidunt",30,82,"2023-09-09 12:10:55"
866,"eos voluptas aliquid",30,91,"2023-09-09 12:10:55"
867,"voluptas recusandae voluptatem",30,92,"2023-09-09 12:10:55"
868,"et voluptatibus quidem",30,96,"2023-09-09 12:10:55"
869,"est sunt perferendis",30,100,"2023-09-09 12:10:55"
870,"vel consectetur consequatur",31,5,"2023-09-09 12:10:55"
871,"est alias nostrum",31,8,"2023-09-09 12:10:55"
872,"corporis ut odit",31,12,"2023-09-09 12:10:55"
873,"voluptate est iusto",31,14,"2023-09-09 12:10:55"
874,"et ullam dolor",31,15,"2023-09-09 12:10:55"
875,"tenetur rerum cumque",31,17,"2023-09-09 12:10:55"
876,"non quaerat et",31,21,"2023-09-09 12:10:55"
877,"odio aut quia",31,22,"2023-09-09 12:10:55"
878,"quam in aut",31,24,"2023-09-09 12:10:55"
879,"quisquam dicta autem",31,32,"2023-09-09 12:10:55"
880,"aut qui odio",31,35,"2023-09-09 12:10:55"
881,"sit similique hic",31,36,"2023-09-09 12:10:55"
882,"est illum nisi",31,37,"2023-09-09 12:10:55"
883,"omnis rerum consequatur",31,40,"2023-09-09 12:10:55"
884,"neque tempore iure",31,41,"2023-09-09 12:10:55"
885,"minima natus nemo",31,46,"2023-09-09 12:10:55"
886,"corporis illo ex",31,47,"2023-09-09 12:10:55"
887,"sapiente ipsum ipsam",31,54,"2023-09-09 12:10:55"
888,"fugiat quia optio",31,57,"2023-09-09 12:10:55"
889,"maxime debitis sapiente",31,60,"2023-09-09 12:10:55"
890,"quae quam aspernatur",31,62,"2023-09-09 12:10:55"
891,"ullam et ut",31,66,"2023-09-09 12:10:55"
892,"accusamus voluptas dolor",31,69,"2023-09-09 12:10:55"
893,"praesentium dolorem ut",31,70,"2023-09-09 12:10:55"
894,"nulla quasi autem",31,71,"2023-09-09 12:10:55"
895,"dicta esse quia",31,72,"2023-09-09 12:10:55"
896,"nemo perspiciatis quibusdam",31,75,"2023-09-09 12:10:55"
897,"ut repudiandae dolorum",31,76,"2023-09-09 12:10:55"
898,"dolore nihil est",31,82,"2023-09-09 12:10:55"
899,"a ratione nihil",31,87,"2023-09-09 12:10:55"
900,"voluptatem tempora labore",31,91,"2023-09-09 12:10:55"
901,"cumque quas molestias",31,96,"2023-09-09 12:10:55"
902,"quod voluptatibus saepe",31,99,"2023-09-09 12:10:55"
903,"non esse sit",31,100,"2023-09-09 12:10:55"
904,"impedit quasi ut",32,5,"2023-09-09 12:10:55"
905,"et error quaerat",32,8,"2023-09-09 12:10:55"
906,"dolores consectetur eveniet",32,12,"2023-09-09 12:10:55"
907,"quos quis nostrum",32,14,"2023-09-09 12:10:55"
908,"officiis eos qui",32,21,"2023-09-09 12:10:55"
909,"rerum delectus recusandae",32,22,"2023-09-09 12:10:55"
910,"molestiae a itaque",32,24,"2023-09-09 12:10:55"
911,"eum pariatur dolor",32,28,"2023-09-09 12:10:55"
912,"autem maxime et",32,36,"2023-09-09 12:10:55"
913,"excepturi quasi et",32,40,"2023-09-09 12:10:55"
914,"fuga iste officiis",32,41,"2023-09-09 12:10:55"
915,"et quae vel",32,50,"2023-09-09 12:10:55"
916,"quisquam omnis in",32,54,"2023-09-09 12:10:55"
917,"nesciunt reprehenderit sit",32,57,"2023-09-09 12:10:55"
918,"quis ipsam eos",32,60,"2023-09-09 12:10:55"
919,"amet veritatis perspiciatis",32,62,"2023-09-09 12:10:55"
920,"omnis aliquid officiis",32,66,"2023-09-09 12:10:55"
921,"voluptas porro voluptatem",32,71,"2023-09-09 12:10:55"
922,"quibusdam sit officia",32,75,"2023-09-09 12:10:55"
923,"nulla repudiandae eum",32,76,"2023-09-09 12:10:55"
924,"amet distinctio aut",32,78,"2023-09-09 12:10:55"
925,"iusto nostrum et",32,79,"2023-09-09 12:10:55"
926,"optio voluptatem voluptas",32,82,"2023-09-09 12:10:55"
927,"et magnam aut",32,91,"2023-09-09 12:10:55"
928,"amet iste ut",32,92,"2023-09-09 12:10:55"
929,"non ipsam eos",32,97,"2023-09-09 12:10:55"
930,"beatae tempore sed",33,4,"2023-09-09 12:10:55"
931,"rem rerum et",33,5,"2023-09-09 12:10:55"
932,"architecto aut optio",33,14,"2023-09-09 12:10:55"
933,"quo sint dolores",33,15,"2023-09-09 12:10:55"
934,"sunt voluptatibus non",33,20,"2023-09-09 12:10:55"
935,"eum aliquid illo",33,21,"2023-09-09 12:10:55"
936,"quibusdam id est",33,24,"2023-09-09 12:10:55"
937,"fugiat totam eligendi",33,26,"2023-09-09 12:10:55"
938,"voluptas reiciendis amet",33,28,"2023-09-09 12:10:55"
939,"id nostrum libero",33,36,"2023-09-09 12:10:55"
940,"velit iusto dolorum",33,37,"2023-09-09 12:10:55"
941,"dolor minima non",33,41,"2023-09-09 12:10:55"
942,"eos reiciendis id",33,43,"2023-09-09 12:10:55"
943,"magnam recusandae quia",33,50,"2023-09-09 12:10:55"
944,"placeat tempora voluptates",33,54,"2023-09-09 12:10:55"
945,"ut asperiores occaecati",33,55,"2023-09-09 12:10:55"
946,"est adipisci dolores",33,57,"2023-09-09 12:10:55"
947,"exercitationem odit enim",33,60,"2023-09-09 12:10:55"
948,"est quidem tenetur",33,65,"2023-09-09 12:10:55"
949,"distinctio fugit adipisci",33,66,"2023-09-09 12:10:55"
950,"omnis officia atque",33,69,"2023-09-09 12:10:55"
951,"fugiat sequi similique",33,71,"2023-09-09 12:10:55"
952,"repudiandae voluptates quam",33,75,"2023-09-09 12:10:55"
953,"provident aspernatur qui",33,76,"2023-09-09 12:10:55"
954,"similique dolor doloribus",33,78,"2023-09-09 12:10:55"
955,"distinctio dolor ut",33,84,"2023-09-09 12:10:55"
956,"laboriosam ut quam",33,85,"2023-09-09 12:10:55"
957,"qui molestiae saepe",33,87,"2023-09-09 12:10:55"
958,"hic animi incidunt",33,91,"2023-09-09 12:10:55"
959,"non accusamus aliquid",33,94,"2023-09-09 12:10:55"
960,"necessitatibus et repudiandae",33,96,"2023-09-09 12:10:55"
961,"rerum a quia",33,99,"2023-09-09 12:10:55"
962,"a et sed",33,100,"2023-09-09 12:10:55"
963,"et et voluptatem",34,5,"2023-09-09 12:10:55"
964,"iusto quidem voluptas",34,6,"2023-09-09 12:10:55"
965,"pariatur eos sint",34,8,"2023-09-09 12:10:55"
966,"facilis recusandae aut",34,14,"2023-09-09 12:10:55"
967,"sunt veniam eveniet",34,17,"2023-09-09 12:10:55"
968,"at labore doloribus",34,21,"2023-09-09 12:10:55"
969,"fuga iusto aspernatur",34,24,"2023-09-09 12:10:55"
970,"dignissimos omnis omnis",34,36,"2023-09-09 12:10:55"
971,"sunt distinctio repellendus",34,39,"2023-09-09 12:10:55"
972,"quos iusto ut",34,41,"2023-09-09 12:10:55"
973,"et consectetur velit",34,54,"2023-09-09 12:10:55"
974,"est quaerat molestias",34,55,"2023-09-09 12:10:55"
975,"commodi reprehenderit voluptatum",34,57,"2023-09-09 12:10:55"
976,"qui natus non",34,65,"2023-09-09 12:10:55"
977,"assumenda qui adipisci",34,66,"2023-09-09 12:10:55"
978,"quibusdam culpa voluptatem",34,67,"2023-09-09 12:10:55"
979,"accusamus et voluptatem",34,71,"2023-09-09 12:10:55"
980,"cum iure iste",34,75,"2023-09-09 12:10:55"
981,"minima non vitae",34,76,"2023-09-09 12:10:55"
982,"sed fugiat deleniti",34,85,"2023-09-09 12:10:55"
983,"autem quo et",34,91,"2023-09-09 12:10:55"
984,"consequuntur autem accusantium",34,93,"2023-09-09 12:10:55"
985,"et soluta aliquam",34,97,"2023-09-09 12:10:55"
986,"possimus doloremque fuga",34,98,"2023-09-09 12:10:55"
987,"non tenetur quod",34,100,"2023-09-09 12:10:55"
988,"omnis temporibus pariatur",35,5,"2023-09-09 12:10:55"
989,"ipsa ut provident",35,8,"2023-09-09 12:10:55"
990,"quis nulla ullam",35,12,"2023-09-09 12:10:55"
991,"consequuntur aut veritatis",35,14,"2023-09-09 12:10:55"
992,"nisi eaque dolores",35,15,"2023-09-09 12:10:55"
993,"est ullam suscipit",35,16,"2023-09-09 12:10:55"
994,"aliquid sapiente ut",35,19,"2023-09-09 12:10:55"
995,"placeat aspernatur saepe",35,21,"2023-09-09 12:10:55"
996,"recusandae magnam ut",35,24,"2023-09-09 12:10:55"
997,"incidunt qui blanditiis",35,27,"2023-09-09 12:10:55"
998,"dolorem dolor sed",35,30,"2023-09-09 12:10:55"
999,"dicta aut non",35,32,"2023-09-09 12:10:55"
1000,"mollitia et praesentium",35,36,"2023-09-09 12:10:55"
